INSERT INTO Singer VALUES ('Maroon 5','-'),
                          ('The Rasmus','-'),
                          ('BONES','-'),
                          ('K.A.A.N','-'),
                          ('Twenty One Pilots','-'),
                          ('LP','-'),
                          ('One Republic','-'),
                          ('Kevin Flum','-'),
                          ('The Weeknd','-'),
                          ('Imagine Dragons','-');



INSERT INTO Song VALUES ('Maroon 5','Girls like you','Pop'),
                        ('The Rasmus','In The Shadows','Rock'),
                        ('BONES','THEArtOfCremation','Rap'),
                        ('K.A.A.N','Phoenix','Rap'),
                        ('Twenty One Pilots','Stressed Out','Pop'),
                        ('LP','Lost on You','Pop'),
                        ('One Republic','All fall down','Pop'),
                        ('Kevin Flum','Make it','Rap'),
                        ('The Weeknd','Call out my name','Hip-Hop/Rap'),
                        ('Imagine Dragons','Demons','Alternative music/indi');


INSERT INTO Album VALUES
                        ('Red Pill Blues','Girls like you','2017'),
                        ('Dead letters','In The Shadows','2003'),
                        ('HermitOFEastGrandRiver','THEArtOfCremation','2015'),
                        ('Eclectic Audio','Phoenix','2016'),
                        ('Blurryface','Stressed Out','2015'),
                        ('Lost on You','Lost on You','2016'),
                        ('Dreaming Out Loud','All fall down','2007'),
                        ('-','Make it','2014'),
                        ('My Dear Melancholy','Call out my name','2018'),
                        ('Night Visions','Demons','2012');